Tank Farm,Line,Event Type,Event Date Time,Batch,Sup/Con,Tankage,Actual,Total,BPH
ATJ,01,SUPERSTART,9/24/2023 7:12:39 AM,JA1-A3-521,,,1776984,1777000,14923
ATJ,01,BATCHSTART,9/24/2023 7:12:39 AM,BPO-A3-521,,,170000,170000,14923
ATJ,01,BATCHSTOP,9/24/2023 6:36:09 PM,BPO-A3-521,,,0,0,0
ATJ,01,BATCHSTART,9/24/2023 6:36:09 PM,BZA-A3-521,,,22500,22500,14923
ATJ,01,BATCHSTOP,9/24/2023 8:06:37 PM,BZA-A3-521,,,0,0,0
ATJ,01,BATCHSTART,9/24/2023 8:06:37 PM,CHV-A3-521,,,11000,11000,14923
ATJ,01,BATCHSTOP,9/24/2023 8:50:51 PM,CHV-A3-521,,,0,0,0
ATJ,01,BATCHSTART,9/24/2023 8:50:51 PM,CIT-A3-521,,,41500,41500,14923
ATJ,01,BATCHSTOP,9/24/2023 11:37:42 PM,CIT-A3-521,,,0,0,0
ATJ,01,BATCHSTART,9/24/2023 11:37:42 PM,CKS-A3-521,,,5000,5000,14923
ATJ,01,BATCHSTOP,9/24/2023 11:57:48 PM,CKS-A3-521,,,0,0,0
ATJ,01,BATCHSTART,9/24/2023 11:57:48 PM,CNL-A3-521,,,7500,7500,14923
ATJ,01,BATCHSTOP,9/25/2023 12:27:58 AM,CNL-A3-521,,,0,0,0
ATJ,01,BATCHSTART,9/25/2023 12:27:58 AM,CWH-A3-521,,,5000,5000,14923
ATJ,01,BATCHSTOP,9/25/2023 12:48:04 AM,CWH-A3-521,,,0,0,0
ATJ,01,BATCHSTART,9/25/2023 12:48:04 AM,DKS-A3-521,,,56500,56500,14923
ATJ,01,BATCHSTOP,9/25/2023 4:35:14 AM,DKS-A3-521,,,0,0,0
ATJ,01,BATCHSTART,9/25/2023 4:35:14 AM,FHR-A3-521,,,15000,15000,14923
ATJ,01,BATCHSTOP,9/25/2023 5:35:33 AM,FHR-A3-521,,,0,0,0
ATJ,01,BATCHSTART,9/25/2023 5:35:33 AM,GUT-A3-521,,,7500,7500,14923
ATJ,01,BATCHSTOP,9/25/2023 6:05:42 AM,GUT-A3-521,,,0,0,0
ATJ,01,BATCHSTART,9/25/2023 6:05:42 AM,HOM-A3-521,,,25500,25500,14923
ATJ,01,BATCHSTOP,9/25/2023 7:48:13 AM,HOM-A3-521,,,0,0,0
ATJ,01,BATCHSTART,9/25/2023 7:48:13 AM,MAC-A3-521,,,265500,265500,14923
ATJ,01,BATCHSTOP,9/26/2023 1:35:42 AM,MAC-A3-521,,,0,0,0
ATJ,01,BATCHSTART,9/26/2023 1:35:42 AM,MGC-A3-521,,,15000,15000,14923
ATJ,01,BATCHSTOP,9/26/2023 2:36:01 AM,MGC-A3-521,,,0,0,0
ATJ,01,BATCHSTART,9/26/2023 2:36:01 AM,MOB-A3-521,,,85000,85000,14923
ATJ,01,BATCHSTOP,9/26/2023 8:17:46 AM,MOB-A3-521,,,0,0,0
ATJ,01,BATCHSTART,9/26/2023 8:17:46 AM,MTV-A3-521,,,176000,176000,14923
ATJ,01,BATCHSTOP,9/26/2023 8:05:24 PM,MTV-A3-521,,,0,0,0
ATJ,01,BATCHSTART,9/26/2023 8:05:24 PM,MUC-A3-522,,,107500,107500,14923
ATJ,01,BATCHSTOP,9/27/2023 3:17:37 AM,MUC-A3-522,,,0,0,0
ATJ,01,BATCHSTART,9/27/2023 3:17:37 AM,MXE-A3-521,,,7500,7500,14923
ATJ,01,BATCHSTOP,9/27/2023 3:47:46 AM,MXE-A3-521,,,0,0,0
ATJ,01,BATCHSTART,9/27/2023 3:47:46 AM,MXE-A3-522,,,25000,25000,14923
ATJ,01,BATCHSTOP,9/27/2023 5:28:17 AM,MXE-A3-522,,,0,0,0
ATJ,01,BATCHSTART,9/27/2023 5:28:17 AM,MXE-A3-526,,,22500,22500,14923
ATJ,01,BATCHSTOP,9/27/2023 6:58:45 AM,MXE-A3-526,,,0,0,0
ATJ,01,BATCHSTART,9/27/2023 6:58:45 AM,MXE-A3-523,,,20000,20000,14923
ATJ,01,BATCHSTOP,9/27/2023 8:19:10 AM,MXE-A3-523,,,0,0,0
ATJ,01,BATCHSTART,9/27/2023 8:19:10 AM,PBF-A3-521,,,30000,30000,14923
ATJ,01,BATCHSTOP,9/27/2023 10:19:47 AM,PBF-A3-521,,,0,0,0
ATJ,01,BATCHSTART,9/27/2023 10:19:47 AM,PHI-A3-521,,,45500,45500,14923
ATJ,01,BATCHSTOP,9/27/2023 1:22:43 PM,PHI-A3-521,,,0,0,0
ATJ,01,BATCHSTART,9/27/2023 1:22:43 PM,QTC-A3-521,,,190000,190000,14923
ATJ,01,BATCHSTOP,9/28/2023 2:06:39 AM,QTC-A3-521,,,0,0,0
ATJ,01,BATCHSTART,9/28/2023 2:06:39 AM,RKO-A3-521,,,35000,35000,14923
ATJ,01,BATCHSTOP,9/28/2023 4:27:22 AM,RKO-A3-521,,,0,0,0
ATJ,01,BATCHSTART,9/28/2023 4:27:22 AM,SUN-A3-521,,,23000,23000,14923
ATJ,01,BATCHSTOP,9/28/2023 5:59:51 AM,SUN-A3-521,,,0,0,0
ATJ,01,BATCHSTART,9/28/2023 5:59:51 AM,TAR-A3-521,,,95000,95000,14923
ATJ,01,BATCHSTOP,9/28/2023 12:21:48 PM,TAR-A3-521,,,0,0,0
ATJ,01,BATCHSTART,9/28/2023 12:21:48 PM,TOP-A3-521,,,18500,18500,14923
ATJ,01,BATCHSTOP,9/28/2023 1:36:11 PM,TOP-A3-521,,,0,0,0
ATJ,01,BATCHSTART,9/28/2023 1:36:11 PM,TRA-A3-521,,,10000,10000,14923
ATJ,01,BATCHSTOP,9/28/2023 2:16:24 PM,TRA-A3-521,,,0,0,0
ATJ,01,BATCHSTART,9/28/2023 2:16:24 PM,VAL-A3-52D,,,4000,4000,14923
ATJ,01,BATCHSTOP,9/28/2023 2:32:28 PM,VAL-A3-52D,,,0,0,0
ATJ,01,BATCHSTART,9/28/2023 2:32:28 PM,VAL-A3-52E,,,66000,66000,14923
ATJ,01,BATCHSTOP,9/28/2023 6:57:50 PM,VAL-A3-52E,,,0,0,0
ATJ,01,BATCHSTART,9/28/2023 6:57:50 PM,CIT-A3-522,,,25000,25000,14923
ATJ,01,BATCHSTOP,9/28/2023 8:38:21 PM,CIT-A3-522,,,0,0,0
ATJ,01,BATCHSTART,9/28/2023 8:38:21 PM,SHT-A3-52B,,,143984,144000,14923
ATJ,01,BATCHSTOP,9/29/2023 6:17:16 AM,SHT-A3-52B,,,0,0,0
ATJ,01,SUPERSTOP,9/29/2023 6:17:16 AM,JA1-A3-521,,,0,0,0
ATJ,01,SUPERSTART,10/1/2023 12:26:16 AM,JA1-M3-521,,,17500,17500,8500
ATJ,01,BATCHSTART,10/1/2023 12:26:16 AM,TAR-M3-521,,,17500,17500,8500
ATJ,01,BATCHSTOP,10/1/2023 2:29:48 AM,TAR-M3-521,,,0,0,0
ATJ,01,SUPERSTOP,10/1/2023 2:29:48 AM,JA1-M3-521,,,0,0,0
ATJ,01,SUPERSTART,10/1/2023 10:51:20 AM,JA1-D3-521,,,182004,182000,20784
ATJ,01,BATCHSTART,10/1/2023 10:51:20 AM,CIT-D3-521,,,6500,6500,20784
ATJ,01,BATCHSTOP,10/1/2023 11:10:06 AM,CIT-D3-521,,,0,0,0
ATJ,01,BATCHSTART,10/1/2023 11:10:06 AM,MAC-D3-521,,,37500,37500,20784
ATJ,01,BATCHSTOP,10/1/2023 12:58:21 PM,MAC-D3-521,,,0,0,0
ATJ,01,BATCHSTART,10/1/2023 12:58:21 PM,MOB-D3-521,,,7500,7500,20784
ATJ,01,BATCHSTOP,10/1/2023 1:20:00 PM,MOB-D3-521,,,0,0,0
ATJ,01,BATCHSTART,10/1/2023 1:20:00 PM,MTV-D3-521,,,25000,25000,20784
ATJ,01,BATCHSTOP,10/1/2023 2:32:10 PM,MTV-D3-521,,,0,0,0
ATJ,01,BATCHSTART,10/1/2023 2:32:10 PM,MUC-D3-522,,,3500,3500,20784
ATJ,01,BATCHSTOP,10/1/2023 2:42:17 PM,MUC-D3-522,,,0,0,0
ATJ,01,BATCHSTART,10/1/2023 2:42:17 PM,MXE-D3-521,,,25000,25000,20784
ATJ,01,BATCHSTOP,10/1/2023 3:54:27 PM,MXE-D3-521,,,0,0,0
ATJ,01,BATCHSTART,10/1/2023 3:54:27 PM,PHI-D3-521,,,15000,15000,20784
ATJ,01,BATCHSTOP,10/1/2023 4:37:45 PM,PHI-D3-521,,,0,0,0
ATJ,01,BATCHSTART,10/1/2023 4:37:45 PM,TAR-D3-521,,,5000,5000,20784
ATJ,01,BATCHSTOP,10/1/2023 4:52:11 PM,TAR-D3-521,,,0,0,0
ATJ,01,BATCHSTART,10/1/2023 4:52:11 PM,BPO-D3-521,,,29500,29500,20784
ATJ,01,BATCHSTOP,10/1/2023 6:17:21 PM,BPO-D3-521,,,0,0,0
ATJ,01,BATCHSTART,10/1/2023 6:17:21 PM,VAL-D3-52D,,,15000,15000,20784
ATJ,01,BATCHSTOP,10/1/2023 7:00:39 PM,VAL-D3-52D,,,0,0,0
ATJ,01,BATCHSTART,10/1/2023 7:00:39 PM,SHT-D3-52B,,,12500,12500,20784
ATJ,01,BATCHSTOP,10/1/2023 7:36:44 PM,SHT-D3-52B,,,0,0,0
ATJ,01,SUPERSTOP,10/1/2023 7:36:45 PM,JA1-D3-521,,,0,0,0
ATJ,02,SUPERSTART,9/24/2023 9:26:14 AM,JA1-54-521,,,346980,347000,8303
ATJ,02,BATCHSTART,9/24/2023 9:26:14 AM,AAL-54-521,,,12500,12500,8303
ATJ,02,BATCHSTOP,9/24/2023 10:56:34 AM,AAL-54-521,,,0,0,0
ATJ,02,BATCHSTART,9/24/2023 10:56:34 AM,BZA-54-521,,,10000,10000,8303
ATJ,02,BATCHSTOP,9/24/2023 12:08:49 PM,BZA-54-521,,,0,0,0
ATJ,02,BATCHSTART,9/24/2023 12:08:49 PM,EPV-54-521,,,15000,15000,8303
ATJ,02,BATCHSTOP,9/24/2023 1:57:13 PM,EPV-54-521,,,0,0,0
ATJ,02,BATCHSTART,9/24/2023 1:57:13 PM,ETI-54-521,,,199000,199000,8303
ATJ,02,BATCHSTOP,9/25/2023 1:55:15 PM,ETI-54-521,,,0,0,0
ATJ,02,BATCHSTART,9/25/2023 1:55:15 PM,PHI-54-521,,,8000,8000,8303
ATJ,02,BATCHSTOP,9/25/2023 2:53:04 PM,PHI-54-521,,,0,0,0
ATJ,02,BATCHSTART,9/25/2023 2:53:04 PM,SWJ-54-521,,,35000,35000,8303
ATJ,02,BATCHSTOP,9/25/2023 7:05:59 PM,SWJ-54-521,,,0,0,0
ATJ,02,BATCHSTART,9/25/2023 7:05:59 PM,TMS-56-521,,,15000,15000,8303
ATJ,02,BATCHSTOP,9/25/2023 8:54:23 PM,TMS-56-521,,,0,0,0
ATJ,02,BATCHSTART,9/25/2023 8:54:23 PM,TMS-54-521,,,20000,20000,8303
ATJ,02,BATCHSTOP,9/25/2023 11:18:54 PM,TMS-54-521,,,0,0,0
ATJ,02,BATCHSTART,9/25/2023 11:18:54 PM,WFS-54-521,,,32480,32500,8303
ATJ,02,BATCHSTOP,9/26/2023 3:13:37 AM,WFS-54-521,,,0,0,0
ATJ,02,SUPERSTOP,9/26/2023 3:13:36 AM,JA1-54-521,,,0,0,0
ATJ,02,SUPERSTART,9/26/2023 6:26:21 AM,JA1-62-521,,,1069965,1070000,12167
ATJ,02,BATCHSTART,9/26/2023 6:26:21 AM,ATL-62-521,,,10000,10000,12167
ATJ,02,BATCHSTOP,9/26/2023 7:15:40 AM,ATL-62-521,,,0,0,0
ATJ,02,BATCHSTART,9/26/2023 7:15:40 AM,BPO-62-521,,,29000,29000,12167
ATJ,02,BATCHSTOP,9/26/2023 9:38:41 AM,BPO-62-521,,,0,0,0
ATJ,02,BATCHSTART,9/26/2023 9:38:41 AM,CIT-62-521,,,30000,30000,12167
ATJ,02,BATCHSTOP,9/26/2023 12:06:37 PM,CIT-62-521,,,0,0,0
ATJ,02,BATCHSTART,9/26/2023 12:06:37 PM,CNL-62-521,,,10000,10000,12167
ATJ,02,BATCHSTOP,9/26/2023 12:55:56 PM,CNL-62-521,,,0,0,0
ATJ,02,BATCHSTART,9/26/2023 12:55:56 PM,DKS-62-521,,,23500,23500,12167
ATJ,02,BATCHSTOP,9/26/2023 2:51:49 PM,DKS-62-521,,,0,0,0
ATJ,02,BATCHSTART,9/26/2023 2:51:49 PM,EVA-62-52B,,,37500,37500,12167
ATJ,02,BATCHSTOP,9/26/2023 5:56:45 PM,EVA-62-52B,,,0,0,0
ATJ,02,BATCHSTART,9/26/2023 5:56:45 PM,FHR-62-521,,,25000,25000,12167
ATJ,02,BATCHSTOP,9/26/2023 8:00:02 PM,FHR-62-521,,,0,0,0
ATJ,02,BATCHSTART,9/26/2023 8:00:02 PM,GPC-62-521,,,15000,15000,12167
ATJ,02,BATCHSTOP,9/26/2023 9:14:00 PM,GPC-62-521,,,0,0,0
ATJ,02,BATCHSTART,9/26/2023 9:14:00 PM,GUT-62-521,,,5000,5000,12167
ATJ,02,BATCHSTOP,9/26/2023 9:38:40 PM,GUT-62-521,,,0,0,0
ATJ,02,BATCHSTART,9/26/2023 9:38:40 PM,HOM-62-521,,,40000,40000,12167
ATJ,02,BATCHSTOP,9/27/2023 12:55:55 AM,HOM-62-521,,,0,0,0
ATJ,02,BATCHSTART,9/27/2023 12:55:55 AM,JWE-62-521,,,10000,10000,12167
ATJ,02,BATCHSTOP,9/27/2023 1:45:14 AM,JWE-62-521,,,0,0,0
ATJ,02,BATCHSTART,9/27/2023 1:45:14 AM,MAC-62-521,,,129000,129000,12167
ATJ,02,BATCHSTOP,9/27/2023 12:21:23 PM,MAC-62-521,,,0,0,0
ATJ,02,BATCHSTART,9/27/2023 12:21:23 PM,MFD-62-521,,,5000,5000,12167
ATJ,02,BATCHSTOP,9/27/2023 12:46:02 PM,MFD-62-521,,,0,0,0
ATJ,02,BATCHSTART,9/27/2023 12:46:02 PM,MGC-62-521,,,5000,5000,12167
ATJ,02,BATCHSTOP,9/27/2023 1:10:41 PM,MGC-62-521,,,0,0,0
ATJ,02,BATCHSTART,9/27/2023 1:10:41 PM,MOB-62-521,,,12500,12500,12167
ATJ,02,BATCHSTOP,9/27/2023 2:12:20 PM,MOB-62-521,,,0,0,0
ATJ,02,BATCHSTART,9/27/2023 2:12:20 PM,MTV-62-521,,,75000,75000,12167
ATJ,02,BATCHSTOP,9/27/2023 8:22:11 PM,MTV-62-521,,,0,0,0
ATJ,02,BATCHSTART,9/27/2023 8:22:11 PM,MUC-62-522,,,27000,27000,12167
ATJ,02,BATCHSTOP,9/27/2023 10:35:20 PM,MUC-62-522,,,0,0,0
ATJ,02,BATCHSTART,9/27/2023 10:35:20 PM,MUS-62-52A,,,35000,35000,12167
ATJ,02,BATCHSTOP,9/28/2023 1:27:56 AM,MUS-62-52A,,,0,0,0
ATJ,02,BATCHSTART,9/28/2023 1:27:56 AM,MXE-62-522,,,2500,2500,12167
ATJ,02,BATCHSTOP,9/28/2023 1:40:15 AM,MXE-62-522,,,0,0,0
ATJ,02,BATCHSTART,9/28/2023 1:40:15 AM,MXE-62-521,,,21000,21000,12167
ATJ,02,BATCHSTOP,9/28/2023 3:23:49 AM,MXE-62-521,,,0,0,0
ATJ,02,BATCHSTART,9/28/2023 3:23:49 AM,PHI-62-521,,,44500,44500,12167
ATJ,02,BATCHSTOP,9/28/2023 7:03:16 AM,PHI-62-521,,,0,0,0
ATJ,02,BATCHSTART,9/28/2023 7:03:16 AM,PTC-62-521,,,12500,12500,12167
ATJ,02,BATCHSTOP,9/28/2023 8:04:54 AM,PTC-62-521,,,0,0,0
ATJ,02,BATCHSTART,9/28/2023 8:04:54 AM,QTC-62-521,,,40000,40000,12167
ATJ,02,BATCHSTOP,9/28/2023 11:22:10 AM,QTC-62-521,,,0,0,0
ATJ,02,BATCHSTART,9/28/2023 11:22:10 AM,RKO-62-521,,,30000,30000,12167
ATJ,02,BATCHSTOP,9/28/2023 1:50:06 PM,RKO-62-521,,,0,0,0
ATJ,02,BATCHSTART,9/28/2023 1:50:06 PM,SBP-62-521,,,15000,15000,12167
ATJ,02,BATCHSTOP,9/28/2023 3:04:04 PM,SBP-62-521,,,0,0,0
ATJ,02,BATCHSTART,9/28/2023 3:04:04 PM,SBS-62-521,,,25000,25000,12167
ATJ,02,BATCHSTOP,9/28/2023 5:07:21 PM,SBS-62-521,,,0,0,0
ATJ,02,BATCHSTART,9/28/2023 5:07:21 PM,SUN-62-521,,,22000,22000,12167
ATJ,02,BATCHSTOP,9/28/2023 6:55:51 PM,SUN-62-521,,,0,0,0
ATJ,02,BATCHSTART,9/28/2023 6:55:51 PM,SVE-62-521,,,10000,10000,12167
ATJ,02,BATCHSTOP,9/28/2023 7:45:10 PM,SVE-62-521,,,0,0,0
ATJ,02,BATCHSTART,9/28/2023 7:45:10 PM,TAR-62-521,,,181500,181500,12167
ATJ,02,BATCHSTOP,9/29/2023 10:40:12 AM,TAR-62-521,,,0,0,0
ATJ,02,BATCHSTART,9/29/2023 10:40:12 AM,UET-62-521,,,5000,5000,12167
ATJ,02,BATCHSTOP,9/29/2023 11:04:52 AM,UET-62-521,,,0,0,0
ATJ,02,BATCHSTART,9/29/2023 11:04:52 AM,VAL-62-52D,,,53000,53000,12167
ATJ,02,BATCHSTOP,9/29/2023 3:26:13 PM,VAL-62-52D,,,0,0,0
ATJ,02,BATCHSTART,9/29/2023 3:26:13 PM,VTL-62-521,,,20000,20000,12167
ATJ,02,BATCHSTOP,9/29/2023 5:04:51 PM,VTL-62-521,,,0,0,0
ATJ,02,BATCHSTART,9/29/2023 5:04:51 PM,WAC-62-522,,,5000,5000,12167
ATJ,02,BATCHSTOP,9/29/2023 5:29:30 PM,WAC-62-522,,,0,0,0
ATJ,02,BATCHSTART,9/29/2023 5:29:30 PM,WFS-62-52P,,,2500,2500,12167
ATJ,02,BATCHSTOP,9/29/2023 5:41:50 PM,WFS-62-52P,,,0,0,0
ATJ,02,BATCHSTART,9/29/2023 5:41:50 PM,WFS-62-521,,,5000,5000,12167
ATJ,02,BATCHSTOP,9/29/2023 6:06:30 PM,WFS-62-521,,,0,0,0
ATJ,02,BATCHSTART,9/29/2023 6:06:30 PM,PCA-62-520,,,12000,12000,12167
ATJ,02,BATCHSTOP,9/29/2023 7:05:40 PM,PCA-62-520,,,0,0,0
ATJ,02,BATCHSTART,9/29/2023 7:05:40 PM,CHV-62-521,,,10000,10000,12167
ATJ,02,BATCHSTOP,9/29/2023 7:54:59 PM,CHV-62-521,,,0,0,0
ATJ,02,BATCHSTART,9/29/2023 7:54:59 PM,CUM-62-521,,,5000,5000,12167
ATJ,02,BATCHSTOP,9/29/2023 8:19:38 PM,CUM-62-521,,,0,0,0
ATJ,02,BATCHSTART,9/29/2023 8:19:38 PM,USO-62-521,,,10000,10000,12167
ATJ,02,BATCHSTOP,9/29/2023 9:08:57 PM,USO-62-521,,,0,0,0
ATJ,02,BATCHSTART,9/29/2023 9:08:57 PM,CYG-62-521,,,14965,15000,12167
ATJ,02,BATCHSTOP,9/29/2023 10:22:45 PM,CYG-62-521,,,0,0,0
ATJ,02,SUPERSTOP,9/29/2023 10:22:45 PM,JA1-62-521,,,0,0,0
ATJ,13,SUPERSTART,9/25/2023 7:58:28 AM,JA1-54-521,,,10000,10000,1925
ATJ,13,BATCHSTART,9/25/2023 7:58:28 AM,EPV-54-521,,,5000,5000,1925
ATJ,13,BATCHSTOP,9/25/2023 10:34:19 AM,EPV-54-521,,,0,0,0
ATJ,13,BATCHSTART,9/25/2023 10:34:19 AM,WFS-54-521,,,5000,5000,1925
ATJ,13,BATCHSTOP,9/25/2023 1:10:10 PM,WFS-54-521,,,0,0,0
ATJ,13,SUPERSTOP,9/25/2023 1:10:10 PM,JA1-54-521,,,0,0,0
ATJ,13,SUPERSTART,9/25/2023 1:10:10 PM,JA1-96-521,,,3500,3500,1925
ATJ,13,BATCHSTART,9/25/2023 1:10:10 PM,FGX-96-52B,,,3500,3500,1925
ATJ,13,BATCHSTOP,9/25/2023 2:59:15 PM,FGX-96-52B,,,0,0,0
ATJ,13,SUPERSTOP,9/25/2023 2:59:15 PM,JA1-96-521,,,0,0,0
ATJ,13,SUPERSTART,9/28/2023 12:59:00 AM,JA1-62-521,,,96000,96000,1925
ATJ,13,BATCHSTART,9/28/2023 12:59:00 AM,BPO-62-521,,,3500,3500,1925
ATJ,13,BATCHSTOP,9/28/2023 2:48:05 AM,BPO-62-521,,,0,0,0
ATJ,13,BATCHSTART,9/28/2023 2:48:05 AM,CIT-62-521,,,11000,11000,1925
ATJ,13,BATCHSTOP,9/28/2023 8:30:56 AM,CIT-62-521,,,0,0,0
ATJ,13,BATCHSTART,9/28/2023 8:30:56 AM,CNL-62-521,,,2500,2500,1925
ATJ,13,BATCHSTOP,9/28/2023 9:48:52 AM,CNL-62-521,,,0,0,0
ATJ,13,BATCHSTART,9/28/2023 9:48:52 AM,FHR-62-521,,,2500,2500,1925
ATJ,13,BATCHSTOP,9/28/2023 11:06:47 AM,FHR-62-521,,,0,0,0
ATJ,13,BATCHSTART,9/28/2023 11:06:47 AM,MTV-62-521,,,27500,27500,1925
ATJ,13,BATCHSTOP,9/29/2023 1:23:56 AM,MTV-62-521,,,0,0,0
ATJ,13,BATCHSTART,9/29/2023 1:23:56 AM,MUC-62-522,,,3500,3500,1925
ATJ,13,BATCHSTOP,9/29/2023 3:13:01 AM,MUC-62-522,,,0,0,0
ATJ,13,BATCHSTART,9/29/2023 3:13:01 AM,MXE-62-521,,,2500,2500,1925
ATJ,13,BATCHSTOP,9/29/2023 4:30:56 AM,MXE-62-521,,,0,0,0
ATJ,13,BATCHSTART,9/29/2023 4:30:56 AM,PHI-62-521,,,2500,2500,1925
ATJ,13,BATCHSTOP,9/29/2023 5:48:52 AM,PHI-62-521,,,0,0,0
ATJ,13,BATCHSTART,9/29/2023 5:48:52 AM,PTC-62-521,,,2500,2500,1925
ATJ,13,BATCHSTOP,9/29/2023 7:06:47 AM,PTC-62-521,,,0,0,0
ATJ,13,BATCHSTART,9/29/2023 7:06:47 AM,QTC-62-521,,,12500,12500,1925
ATJ,13,BATCHSTOP,9/29/2023 1:36:24 PM,QTC-62-521,,,0,0,0
ATJ,13,BATCHSTART,9/29/2023 1:36:24 PM,TAR-62-521,,,5000,5000,1925
ATJ,13,BATCHSTOP,9/29/2023 4:12:14 PM,TAR-62-521,,,0,0,0
ATJ,13,BATCHSTART,9/29/2023 4:12:14 PM,VAL-62-52D,,,8000,8000,1925
ATJ,13,BATCHSTOP,9/29/2023 8:21:35 PM,VAL-62-52D,,,0,0,0
ATJ,13,BATCHSTART,9/29/2023 8:21:35 PM,MXE-62-522,,,2500,2500,1925
ATJ,13,BATCHSTOP,9/29/2023 9:39:31 PM,MXE-62-522,,,0,0,0
ATJ,13,BATCHSTART,9/29/2023 9:39:31 PM,CHV-62-521,,,10000,10000,1925
ATJ,13,BATCHSTOP,9/30/2023 2:51:12 AM,CHV-62-521,,,0,0,0
ATJ,13,SUPERSTOP,9/30/2023 2:51:12 AM,JA1-62-521,,,0,0,0
ATJ,14,SUPERSTART,9/22/2023 5:28:34 AM,JA1-A3-521,,,139000,139000,2100
ATJ,14,BATCHSTART,9/22/2023 5:28:34 AM,BPO-A3-521,,,20000,20000,2100
ATJ,14,BATCHSTOP,9/22/2023 3:00:00 PM,BPO-A3-521,,,0,0,0
ATJ,14,BATCHSTART,9/22/2023 3:00:00 PM,BZA-A3-521,,,12500,12500,2100
ATJ,14,BATCHSTOP,9/22/2023 8:57:08 PM,BZA-A3-521,,,0,0,0
ATJ,14,BATCHSTART,9/22/2023 8:57:08 PM,CWH-A3-521,,,5000,5000,2100
ATJ,14,BATCHSTOP,9/22/2023 11:20:00 PM,CWH-A3-521,,,0,0,0
ATJ,14,BATCHSTART,9/22/2023 11:20:00 PM,MOB-A3-521,,,20000,20000,2100
ATJ,14,BATCHSTOP,9/23/2023 8:51:25 AM,MOB-A3-521,,,0,0,0
ATJ,14,BATCHSTART,9/23/2023 8:51:25 AM,MTV-A3-521,,,12500,12500,2100
ATJ,14,BATCHSTOP,9/23/2023 2:48:34 PM,MTV-A3-521,,,0,0,0
ATJ,14,BATCHSTART,9/23/2023 2:48:34 PM,MUC-A3-522,,,5000,5000,2100
ATJ,14,BATCHSTOP,9/23/2023 5:11:25 PM,MUC-A3-522,,,0,0,0
ATJ,14,BATCHSTART,9/23/2023 5:11:25 PM,MXE-A3-523,,,10000,10000,2100
ATJ,14,BATCHSTOP,9/23/2023 9:57:08 PM,MXE-A3-523,,,0,0,0
ATJ,14,BATCHSTART,9/23/2023 9:57:08 PM,QTC-A3-521,,,40000,40000,2100
ATJ,14,BATCHSTOP,9/24/2023 5:00:00 PM,QTC-A3-521,,,0,0,0
ATJ,14,BATCHSTART,9/24/2023 5:00:00 PM,SUN-A3-521,,,3000,3000,2100
ATJ,14,BATCHSTOP,9/24/2023 6:25:42 PM,SUN-A3-521,,,0,0,0
ATJ,14,BATCHSTART,9/24/2023 6:25:42 PM,TRA-A3-521,,,5000,5000,2100
ATJ,14,BATCHSTOP,9/24/2023 8:48:34 PM,TRA-A3-521,,,0,0,0
ATJ,14,BATCHSTART,9/24/2023 8:48:34 PM,VAL-A3-52E,,,6000,6000,2100
ATJ,14,BATCHSTOP,9/24/2023 11:40:00 PM,VAL-A3-52E,,,0,0,0
ATJ,14,SUPERSTOP,9/24/2023 11:40:00 PM,JA1-A3-521,,,0,0,0
ATJ,14,SUPERSTART,9/24/2023 11:40:00 PM,JA1-D3-521,,,23000,23000,2100
ATJ,14,BATCHSTART,9/24/2023 11:40:00 PM,MOB-D3-521,,,2500,2500,2100
ATJ,14,BATCHSTOP,9/25/2023 12:51:25 AM,MOB-D3-521,,,0,0,0
ATJ,14,BATCHSTART,9/25/2023 12:51:25 AM,MTV-D3-521,,,2500,2500,2100
ATJ,14,BATCHSTOP,9/25/2023 2:02:51 AM,MTV-D3-521,,,0,0,0
ATJ,14,BATCHSTART,9/25/2023 2:02:51 AM,MXE-D3-521,,,7500,7500,2100
ATJ,14,BATCHSTOP,9/25/2023 5:37:08 AM,MXE-D3-521,,,0,0,0
ATJ,14,BATCHSTART,9/25/2023 5:37:08 AM,BPO-D3-521,,,8000,8000,2100
ATJ,14,BATCHSTOP,9/25/2023 9:25:42 AM,BPO-D3-521,,,0,0,0
ATJ,14,BATCHSTART,9/25/2023 9:25:42 AM,VAL-D3-52D,,,2500,2500,2100
ATJ,14,BATCHSTOP,9/25/2023 10:37:08 AM,VAL-D3-52D,,,0,0,0
ATJ,14,SUPERSTOP,9/25/2023 10:37:08 AM,JA1-D3-521,,,0,0,0
ATJ,14,SUPERSTART,9/25/2023 10:37:08 AM,JA1-62-521,,,54000,54000,2100
ATJ,14,BATCHSTART,9/25/2023 10:37:08 AM,BPO-62-521,,,7000,7000,2100
ATJ,14,BATCHSTOP,9/25/2023 1:57:08 PM,BPO-62-521,,,0,0,0
ATJ,14,BATCHSTART,9/25/2023 1:57:08 PM,CNL-62-521,,,2500,2500,2100
ATJ,14,BATCHSTOP,9/25/2023 3:08:34 PM,CNL-62-521,,,0,0,0
ATJ,14,BATCHSTART,9/25/2023 3:08:34 PM,HOM-62-521,,,13000,13000,2100
ATJ,14,BATCHSTOP,9/25/2023 9:20:00 PM,HOM-62-521,,,0,0,0
ATJ,14,BATCHSTART,9/25/2023 9:20:00 PM,MOB-62-521,,,2500,2500,2100
ATJ,14,BATCHSTOP,9/25/2023 10:31:25 PM,MOB-62-521,,,0,0,0
ATJ,14,BATCHSTART,9/25/2023 10:31:25 PM,MTV-62-521,,,4500,4500,2100
ATJ,14,BATCHSTOP,9/26/2023 12:40:00 AM,MTV-62-521,,,0,0,0
ATJ,14,BATCHSTART,9/26/2023 12:40:00 AM,MXE-62-521,,,2500,2500,2100
ATJ,14,BATCHSTOP,9/26/2023 1:51:25 AM,MXE-62-521,,,0,0,0
ATJ,14,BATCHSTART,9/26/2023 1:51:25 AM,QTC-62-521,,,7500,7500,2100
ATJ,14,BATCHSTOP,9/26/2023 5:25:42 AM,QTC-62-521,,,0,0,0
ATJ,14,BATCHSTART,9/26/2023 5:25:42 AM,VAL-62-52D,,,14500,14500,2100
ATJ,14,BATCHSTOP,9/26/2023 12:20:00 PM,VAL-62-52D,,,0,0,0
ATJ,14,SUPERSTOP,9/26/2023 12:20:00 PM,JA1-62-521,,,0,0,0
ATJ,15,SUPERSTART,9/23/2023 12:33:00 AM,JA1-A3-521,,,401000,401000,3700
ATJ,15,BATCHSTART,9/23/2023 12:33:00 AM,BPO-A3-521,,,59000,59000,3700
ATJ,15,BATCHSTOP,9/23/2023 4:29:45 PM,BPO-A3-521,,,0,0,0
ATJ,15,BATCHSTART,9/23/2023 4:29:45 PM,CIT-A3-521,,,9000,9000,3700
ATJ,15,BATCHSTOP,9/23/2023 6:55:42 PM,CIT-A3-521,,,0,0,0
ATJ,15,BATCHSTART,9/23/2023 6:55:42 PM,HOM-A3-521,,,2500,2500,3700
ATJ,15,BATCHSTOP,9/23/2023 7:36:14 PM,HOM-A3-521,,,0,0,0
ATJ,15,BATCHSTART,9/23/2023 7:36:14 PM,MOB-A3-521,,,2500,2500,3700
ATJ,15,BATCHSTOP,9/23/2023 8:16:47 PM,MOB-A3-521,,,0,0,0
ATJ,15,BATCHSTART,9/23/2023 8:16:47 PM,MTV-A3-521,,,95000,95000,3700
ATJ,15,BATCHSTOP,9/24/2023 9:57:19 PM,MTV-A3-521,,,0,0,0
ATJ,15,BATCHSTART,9/24/2023 9:57:19 PM,MUC-A3-522,,,11000,11000,3700
ATJ,15,BATCHSTOP,9/25/2023 12:55:42 AM,MUC-A3-522,,,0,0,0
ATJ,15,BATCHSTART,9/25/2023 12:55:42 AM,MXE-A3-523,,,10000,10000,3700
ATJ,15,BATCHSTOP,9/25/2023 3:37:51 AM,MXE-A3-523,,,0,0,0
ATJ,15,BATCHSTART,9/25/2023 3:37:51 AM,PHI-A3-521,,,10000,10000,3700
ATJ,15,BATCHSTOP,9/25/2023 6:20:01 AM,PHI-A3-521,,,0,0,0
ATJ,15,BATCHSTART,9/25/2023 6:20:01 AM,SUN-A3-521,,,2500,2500,3700
ATJ,15,BATCHSTOP,9/25/2023 7:00:34 AM,SUN-A3-521,,,0,0,0
ATJ,15,BATCHSTART,9/25/2023 7:00:34 AM,QTC-A3-521,,,145000,145000,3700
ATJ,15,BATCHSTOP,9/26/2023 10:11:55 PM,QTC-A3-521,,,0,0,0
ATJ,15,BATCHSTART,9/26/2023 10:11:55 PM,VAL-A3-52E,,,15500,15500,3700
ATJ,15,BATCHSTOP,9/27/2023 2:23:16 AM,VAL-A3-52E,,,0,0,0
ATJ,15,BATCHSTART,9/27/2023 2:23:16 AM,CIT-A3-522,,,25000,25000,3700
ATJ,15,BATCHSTOP,9/27/2023 9:08:40 AM,CIT-A3-522,,,0,0,0
ATJ,15,BATCHSTART,9/27/2023 9:08:40 AM,DKS-A3-521,,,14000,14000,3700
ATJ,15,BATCHSTOP,9/27/2023 12:55:42 PM,DKS-A3-521,,,0,0,0
ATJ,15,SUPERSTOP,9/27/2023 12:55:42 PM,JA1-A3-521,,,0,0,0
ATJ,15,SUPERSTART,9/27/2023 12:55:42 PM,JA1-D3-521,,,38500,38500,3700
ATJ,15,BATCHSTART,9/27/2023 12:55:42 PM,CIT-D3-521,,,6500,6500,3700
ATJ,15,BATCHSTOP,9/27/2023 2:41:06 PM,CIT-D3-521,,,0,0,0
ATJ,15,BATCHSTART,9/27/2023 2:41:06 PM,MTV-D3-521,,,14000,14000,3700
ATJ,15,BATCHSTOP,9/27/2023 6:28:08 PM,MTV-D3-521,,,0,0,0
ATJ,15,BATCHSTART,9/27/2023 6:28:08 PM,MXE-D3-521,,,5000,5000,3700
ATJ,15,BATCHSTOP,9/27/2023 7:49:12 PM,MXE-D3-521,,,0,0,0
ATJ,15,BATCHSTART,9/27/2023 7:49:12 PM,BPO-D3-521,,,8000,8000,3700
ATJ,15,BATCHSTOP,9/27/2023 9:58:56 PM,BPO-D3-521,,,0,0,0
ATJ,15,BATCHSTART,9/27/2023 9:58:56 PM,VAL-D3-52D,,,5000,5000,3700
ATJ,15,BATCHSTOP,9/27/2023 11:20:01 PM,VAL-D3-52D,,,0,0,0
ATJ,15,SUPERSTOP,9/27/2023 11:20:01 PM,JA1-D3-521,,,0,0,0
ATJ,16,SUPERSTART,9/25/2023 12:08:46 AM,JA1-54-521,,,284000,284000,2050
ATJ,16,BATCHSTART,9/25/2023 12:08:46 AM,AAL-54-521,,,5000,5000,2050
ATJ,16,BATCHSTOP,9/25/2023 2:35:07 AM,AAL-54-521,,,0,0,0
ATJ,16,BATCHSTART,9/25/2023 2:35:07 AM,EPV-54-521,,,10000,10000,2050
ATJ,16,BATCHSTOP,9/25/2023 7:27:48 AM,EPV-54-521,,,0,0,0
ATJ,16,BATCHSTART,9/25/2023 7:27:48 AM,ETI-54-521,,,194000,194000,2050
ATJ,16,BATCHSTOP,9/29/2023 6:05:51 AM,ETI-54-521,,,0,0,0
ATJ,16,BATCHSTART,9/29/2023 6:05:51 AM,SWJ-54-521,,,22500,22500,2050
ATJ,16,BATCHSTOP,9/29/2023 5:04:23 PM,SWJ-54-521,,,0,0,0
ATJ,16,BATCHSTART,9/29/2023 5:04:23 PM,TMS-56-521,,,15000,15000,2050
ATJ,16,BATCHSTOP,9/30/2023 12:23:24 AM,TMS-56-521,,,0,0,0
ATJ,16,BATCHSTART,9/30/2023 12:23:24 AM,TMS-54-521,,,20000,20000,2050
ATJ,16,BATCHSTOP,9/30/2023 10:08:46 AM,TMS-54-521,,,0,0,0
ATJ,16,BATCHSTART,9/30/2023 10:08:46 AM,WFS-54-521,,,17500,17500,2050
ATJ,16,BATCHSTOP,9/30/2023 6:40:58 PM,WFS-54-521,,,0,0,0
ATJ,16,SUPERSTOP,9/30/2023 6:40:58 PM,JA1-54-521,,,0,0,0
ATJ,17,SUPERSTART,9/25/2023 3:36:40 AM,JA1-M3-521,,,10000,10000,4500
ATJ,17,BATCHSTART,9/25/2023 3:36:40 AM,TAR-M3-521,,,10000,10000,4500
ATJ,17,BATCHSTOP,9/25/2023 5:50:00 AM,TAR-M3-521,,,0,0,0
ATJ,17,SUPERSTOP,9/25/2023 5:50:00 AM,JA1-M3-521,,,0,0,0
ATJ,17,SUPERSTART,9/25/2023 5:50:00 AM,JA1-A3-521,,,246000,246000,4500
ATJ,17,BATCHSTART,9/25/2023 5:50:00 AM,BPO-A3-521,,,5500,5500,4500
ATJ,17,BATCHSTOP,9/25/2023 7:03:20 AM,BPO-A3-521,,,0,0,0
ATJ,17,BATCHSTART,9/25/2023 7:03:20 AM,BZA-A3-521,,,5000,5000,4500
ATJ,17,BATCHSTOP,9/25/2023 8:10:00 AM,BZA-A3-521,,,0,0,0
ATJ,17,BATCHSTART,9/25/2023 8:10:00 AM,CHV-A3-521,,,8000,8000,4500
ATJ,17,BATCHSTOP,9/25/2023 9:56:40 AM,CHV-A3-521,,,0,0,0
ATJ,17,BATCHSTART,9/25/2023 9:56:40 AM,CKS-A3-521,,,5000,5000,4500
ATJ,17,BATCHSTOP,9/25/2023 11:03:20 AM,CKS-A3-521,,,0,0,0
ATJ,17,BATCHSTART,9/25/2023 11:03:20 AM,CNL-A3-521,,,5000,5000,4500
ATJ,17,BATCHSTOP,9/25/2023 12:10:00 PM,CNL-A3-521,,,0,0,0
ATJ,17,BATCHSTART,9/25/2023 12:10:00 PM,FHR-A3-521,,,5000,5000,4500
ATJ,17,BATCHSTOP,9/25/2023 1:16:40 PM,FHR-A3-521,,,0,0,0
ATJ,17,BATCHSTART,9/25/2023 1:16:40 PM,GUT-A3-521,,,5000,5000,4500
ATJ,17,BATCHSTOP,9/25/2023 2:23:20 PM,GUT-A3-521,,,0,0,0
ATJ,17,BATCHSTART,9/25/2023 2:23:20 PM,MAC-A3-521,,,23000,23000,4500
ATJ,17,BATCHSTOP,9/25/2023 7:30:00 PM,MAC-A3-521,,,0,0,0
ATJ,17,BATCHSTART,9/25/2023 7:30:00 PM,MGC-A3-521,,,5000,5000,4500
ATJ,17,BATCHSTOP,9/25/2023 8:36:40 PM,MGC-A3-521,,,0,0,0
ATJ,17,BATCHSTART,9/25/2023 8:36:40 PM,MTV-A3-521,,,65000,65000,4500
ATJ,17,BATCHSTOP,9/26/2023 11:03:20 AM,MTV-A3-521,,,0,0,0
ATJ,17,BATCHSTART,9/26/2023 11:03:20 AM,MUC-A3-522,,,15000,15000,4500
ATJ,17,BATCHSTOP,9/26/2023 2:23:20 PM,MUC-A3-522,,,0,0,0
ATJ,17,BATCHSTART,9/26/2023 2:23:20 PM,MXE-A3-526,,,7500,7500,4500
ATJ,17,BATCHSTOP,9/26/2023 4:03:20 PM,MXE-A3-526,,,0,0,0
ATJ,17,BATCHSTART,9/26/2023 4:03:20 PM,PHI-A3-521,,,7500,7500,4500
ATJ,17,BATCHSTOP,9/26/2023 5:43:20 PM,PHI-A3-521,,,0,0,0
ATJ,17,BATCHSTART,9/26/2023 5:43:20 PM,QTC-A3-521,,,5000,5000,4500
ATJ,17,BATCHSTOP,9/26/2023 6:50:00 PM,QTC-A3-521,,,0,0,0
ATJ,17,BATCHSTART,9/26/2023 6:50:00 PM,SUN-A3-521,,,5000,5000,4500
ATJ,17,BATCHSTOP,9/26/2023 7:56:40 PM,SUN-A3-521,,,0,0,0
ATJ,17,BATCHSTART,9/26/2023 7:56:40 PM,TAR-A3-521,,,65000,65000,4500
ATJ,17,BATCHSTOP,9/27/2023 10:23:20 AM,TAR-A3-521,,,0,0,0
ATJ,17,BATCHSTART,9/27/2023 10:23:20 AM,MXE-A3-521,,,2500,2500,4500
ATJ,17,BATCHSTOP,9/27/2023 10:56:40 AM,MXE-A3-521,,,0,0,0
ATJ,17,BATCHSTART,9/27/2023 10:56:40 AM,VAL-A3-52E,,,7000,7000,4500
ATJ,17,BATCHSTOP,9/27/2023 12:30:00 PM,VAL-A3-52E,,,0,0,0
ATJ,17,SUPERSTOP,9/27/2023 12:30:00 PM,JA1-A3-521,,,0,0,0
ATJ,17,SUPERSTART,9/27/2023 12:30:00 PM,JA1-D3-521,,,23500,23500,4500
ATJ,17,BATCHSTART,9/27/2023 12:30:00 PM,MTV-D3-521,,,6000,6000,4500
ATJ,17,BATCHSTOP,9/27/2023 1:50:00 PM,MTV-D3-521,,,0,0,0
ATJ,17,BATCHSTART,9/27/2023 1:50:00 PM,PHI-D3-521,,,2500,2500,4500
ATJ,17,BATCHSTOP,9/27/2023 2:23:20 PM,PHI-D3-521,,,0,0,0
ATJ,17,BATCHSTART,9/27/2023 2:23:20 PM,TAR-D3-521,,,5000,5000,4500
ATJ,17,BATCHSTOP,9/27/2023 3:30:00 PM,TAR-D3-521,,,0,0,0
ATJ,17,BATCHSTART,9/27/2023 3:30:00 PM,MXE-D3-521,,,2500,2500,4500
ATJ,17,BATCHSTOP,9/27/2023 4:03:20 PM,MXE-D3-521,,,0,0,0
ATJ,17,BATCHSTART,9/27/2023 4:03:20 PM,VAL-D3-52D,,,2500,2500,4500
ATJ,17,BATCHSTOP,9/27/2023 4:36:40 PM,VAL-D3-52D,,,0,0,0
ATJ,17,BATCHSTART,9/27/2023 4:36:40 PM,MAC-D3-521,,,2500,2500,4500
ATJ,17,BATCHSTOP,9/27/2023 5:10:00 PM,MAC-D3-521,,,0,0,0
ATJ,17,BATCHSTART,9/27/2023 5:10:00 PM,BPO-D3-521,,,2500,2500,4500
ATJ,17,BATCHSTOP,9/27/2023 5:43:20 PM,BPO-D3-521,,,0,0,0
ATJ,17,SUPERSTOP,9/27/2023 5:43:20 PM,JA1-D3-521,,,0,0,0
ATJ,17,SUPERSTART,9/27/2023 5:43:20 PM,JA1-62-521,,,270500,270500,4500
ATJ,17,BATCHSTART,9/27/2023 5:43:20 PM,ATL-62-521,,,5000,5000,4500
ATJ,17,BATCHSTOP,9/27/2023 6:50:00 PM,ATL-62-521,,,0,0,0
ATJ,17,BATCHSTART,9/27/2023 6:50:00 PM,FHR-62-521,,,10000,10000,4500
ATJ,17,BATCHSTOP,9/27/2023 9:03:20 PM,FHR-62-521,,,0,0,0
ATJ,17,BATCHSTART,9/27/2023 9:03:20 PM,GUT-62-521,,,5000,5000,4500
ATJ,17,BATCHSTOP,9/27/2023 10:10:00 PM,GUT-62-521,,,0,0,0
ATJ,17,BATCHSTART,9/27/2023 10:10:00 PM,MAC-62-521,,,42500,42500,4500
ATJ,17,BATCHSTOP,9/28/2023 7:36:40 AM,MAC-62-521,,,0,0,0
ATJ,17,BATCHSTART,9/28/2023 7:36:40 AM,MTV-62-521,,,38000,38000,4500
ATJ,17,BATCHSTOP,9/28/2023 4:03:20 PM,MTV-62-521,,,0,0,0
ATJ,17,BATCHSTART,9/28/2023 4:03:20 PM,MUC-62-522,,,7500,7500,4500
ATJ,17,BATCHSTOP,9/28/2023 5:43:20 PM,MUC-62-522,,,0,0,0
ATJ,17,BATCHSTART,9/28/2023 5:43:20 PM,MUS-62-52A,,,5000,5000,4500
ATJ,17,BATCHSTOP,9/28/2023 6:50:00 PM,MUS-62-52A,,,0,0,0
ATJ,17,BATCHSTART,9/28/2023 6:50:00 PM,PHI-62-521,,,15000,15000,4500
ATJ,17,BATCHSTOP,9/28/2023 10:10:00 PM,PHI-62-521,,,0,0,0
ATJ,17,BATCHSTART,9/28/2023 10:10:00 PM,PTC-62-521,,,4000,4000,4500
ATJ,17,BATCHSTOP,9/28/2023 11:03:20 PM,PTC-62-521,,,0,0,0
ATJ,17,BATCHSTART,9/28/2023 11:03:20 PM,QTC-62-521,,,5000,5000,4500
ATJ,17,BATCHSTOP,9/29/2023 12:10:00 AM,QTC-62-521,,,0,0,0
ATJ,17,BATCHSTART,9/29/2023 12:10:00 AM,TAR-62-521,,,100000,100000,4500
ATJ,17,BATCHSTOP,9/29/2023 10:23:20 PM,TAR-62-521,,,0,0,0
ATJ,17,BATCHSTART,9/29/2023 10:23:20 PM,VAL-62-52D,,,13000,13000,4500
ATJ,17,BATCHSTOP,9/30/2023 1:16:40 AM,VAL-62-52D,,,0,0,0
ATJ,17,BATCHSTART,9/30/2023 1:16:40 AM,VTL-62-521,,,5000,5000,4500
ATJ,17,BATCHSTOP,9/30/2023 2:23:20 AM,VTL-62-521,,,0,0,0
ATJ,17,BATCHSTART,9/30/2023 2:23:20 AM,WFS-62-521,,,5000,5000,4500
ATJ,17,BATCHSTOP,9/30/2023 3:30:00 AM,WFS-62-521,,,0,0,0
ATJ,17,BATCHSTART,9/30/2023 3:30:00 AM,BPO-62-521,,,5500,5500,4500
ATJ,17,BATCHSTOP,9/30/2023 4:43:20 AM,BPO-62-521,,,0,0,0
ATJ,17,BATCHSTART,9/30/2023 4:43:20 AM,USO-62-521,,,5000,5000,4500
ATJ,17,BATCHSTOP,9/30/2023 5:50:00 AM,USO-62-521,,,0,0,0
ATJ,17,SUPERSTOP,9/30/2023 5:50:00 AM,JA1-62-521,,,0,0,0
ATJ,18,SUPERSTART,9/24/2023 4:22:00 AM,JA1-A3-521,,,406000,406000,6000
ATJ,18,BATCHSTART,9/24/2023 4:22:00 AM,BPO-A3-521,,,45500,45500,6000
ATJ,18,BATCHSTOP,9/24/2023 11:57:00 AM,BPO-A3-521,,,0,0,0
ATJ,18,BATCHSTART,9/24/2023 11:57:00 AM,BZA-A3-521,,,5000,5000,6000
ATJ,18,BATCHSTOP,9/24/2023 12:47:00 PM,BZA-A3-521,,,0,0,0
ATJ,18,BATCHSTART,9/24/2023 12:47:00 PM,CHV-A3-521,,,3000,3000,6000
ATJ,18,BATCHSTOP,9/24/2023 1:17:00 PM,CHV-A3-521,,,0,0,0
ATJ,18,BATCHSTART,9/24/2023 1:17:00 PM,CIT-A3-521,,,17500,17500,6000
ATJ,18,BATCHSTOP,9/24/2023 4:12:00 PM,CIT-A3-521,,,0,0,0
ATJ,18,BATCHSTART,9/24/2023 4:12:00 PM,CNL-A3-521,,,2500,2500,6000
ATJ,18,BATCHSTOP,9/24/2023 4:37:00 PM,CNL-A3-521,,,0,0,0
ATJ,18,BATCHSTART,9/24/2023 4:37:00 PM,DKS-A3-521,,,17500,17500,6000
ATJ,18,BATCHSTOP,9/24/2023 7:32:00 PM,DKS-A3-521,,,0,0,0
ATJ,18,BATCHSTART,9/24/2023 7:32:00 PM,FHR-A3-521,,,5000,5000,6000
ATJ,18,BATCHSTOP,9/24/2023 8:22:00 PM,FHR-A3-521,,,0,0,0
ATJ,18,BATCHSTART,9/24/2023 8:22:00 PM,GUT-A3-521,,,2500,2500,6000
ATJ,18,BATCHSTOP,9/24/2023 8:47:00 PM,GUT-A3-521,,,0,0,0
ATJ,18,BATCHSTART,9/24/2023 8:47:00 PM,HOM-A3-521,,,23000,23000,6000
ATJ,18,BATCHSTOP,9/25/2023 12:37:00 AM,HOM-A3-521,,,0,0,0
ATJ,18,BATCHSTART,9/25/2023 12:37:00 AM,MAC-A3-521,,,12500,12500,6000
ATJ,18,BATCHSTOP,9/25/2023 2:42:00 AM,MAC-A3-521,,,0,0,0
ATJ,18,BATCHSTART,9/25/2023 2:42:00 AM,MGC-A3-521,,,10000,10000,6000
ATJ,18,BATCHSTOP,9/25/2023 4:22:00 AM,MGC-A3-521,,,0,0,0
ATJ,18,BATCHSTART,9/25/2023 4:22:00 AM,MTV-A3-521,,,3500,3500,6000
ATJ,18,BATCHSTOP,9/25/2023 4:57:00 AM,MTV-A3-521,,,0,0,0
ATJ,18,BATCHSTART,9/25/2023 4:57:00 AM,MUC-A3-522,,,46500,46500,6000
ATJ,18,BATCHSTOP,9/25/2023 12:42:00 PM,MUC-A3-522,,,0,0,0
ATJ,18,BATCHSTART,9/25/2023 12:42:00 PM,MXE-A3-521,,,5000,5000,6000
ATJ,18,BATCHSTOP,9/25/2023 1:32:00 PM,MXE-A3-521,,,0,0,0
ATJ,18,BATCHSTART,9/25/2023 1:32:00 PM,PBF-A3-521,,,15000,15000,6000
ATJ,18,BATCHSTOP,9/25/2023 4:02:00 PM,PBF-A3-521,,,0,0,0
ATJ,18,BATCHSTART,9/25/2023 4:02:00 PM,PHI-A3-521,,,13000,13000,6000
ATJ,18,BATCHSTOP,9/25/2023 6:12:00 PM,PHI-A3-521,,,0,0,0
ATJ,18,BATCHSTART,9/25/2023 6:12:00 PM,RKO-A3-521,,,35000,35000,6000
ATJ,18,BATCHSTOP,9/26/2023 12:02:00 AM,RKO-A3-521,,,0,0,0
ATJ,18,BATCHSTART,9/26/2023 12:02:00 AM,SUN-A3-521,,,10000,10000,6000
ATJ,18,BATCHSTOP,9/26/2023 1:42:00 AM,SUN-A3-521,,,0,0,0
ATJ,18,BATCHSTART,9/26/2023 1:42:00 AM,TAR-A3-521,,,15000,15000,6000
ATJ,18,BATCHSTOP,9/26/2023 4:12:00 AM,TAR-A3-521,,,0,0,0
ATJ,18,BATCHSTART,9/26/2023 4:12:00 AM,TOP-A3-521,,,18500,18500,6000
ATJ,18,BATCHSTOP,9/26/2023 7:17:00 AM,TOP-A3-521,,,0,0,0
ATJ,18,BATCHSTART,9/26/2023 7:17:00 AM,TRA-A3-521,,,5000,5000,6000
ATJ,18,BATCHSTOP,9/26/2023 8:07:00 AM,TRA-A3-521,,,0,0,0
ATJ,18,BATCHSTART,9/26/2023 8:07:00 AM,VAL-A3-52E,,,37500,37500,6000
ATJ,18,BATCHSTOP,9/26/2023 2:22:00 PM,VAL-A3-52E,,,0,0,0
ATJ,18,BATCHSTART,9/26/2023 2:22:00 PM,MOB-A3-521,,,9000,9000,6000
ATJ,18,BATCHSTOP,9/26/2023 3:52:00 PM,MOB-A3-521,,,0,0,0
ATJ,18,BATCHSTART,9/26/2023 3:52:00 PM,SHT-A3-52B,,,49000,49000,6000
ATJ,18,BATCHSTOP,9/27/2023 12:02:00 AM,SHT-A3-52B,,,0,0,0
ATJ,18,SUPERSTOP,9/27/2023 12:02:00 AM,JA1-A3-521,,,0,0,0
ATJ,18,SUPERSTART,9/27/2023 12:02:00 AM,JA1-D3-521,,,28500,28500,6000
ATJ,18,BATCHSTART,9/27/2023 12:02:00 AM,MAC-D3-521,,,2500,2500,6000
ATJ,18,BATCHSTOP,9/27/2023 12:27:00 AM,MAC-D3-521,,,0,0,0
ATJ,18,BATCHSTART,9/27/2023 12:27:00 AM,MTV-D3-521,,,2500,2500,6000
ATJ,18,BATCHSTOP,9/27/2023 12:52:00 AM,MTV-D3-521,,,0,0,0
ATJ,18,BATCHSTART,9/27/2023 12:52:00 AM,PHI-D3-521,,,7500,7500,6000
ATJ,18,BATCHSTOP,9/27/2023 2:07:00 AM,PHI-D3-521,,,0,0,0
ATJ,18,BATCHSTART,9/27/2023 2:07:00 AM,BPO-D3-521,,,6000,6000,6000
ATJ,18,BATCHSTOP,9/27/2023 3:07:00 AM,BPO-D3-521,,,0,0,0
ATJ,18,BATCHSTART,9/27/2023 3:07:00 AM,MXE-D3-521,,,2500,2500,6000
ATJ,18,BATCHSTOP,9/27/2023 3:32:00 AM,MXE-D3-521,,,0,0,0
ATJ,18,BATCHSTART,9/27/2023 3:32:00 AM,VAL-D3-52D,,,5000,5000,6000
ATJ,18,BATCHSTOP,9/27/2023 4:22:00 AM,VAL-D3-52D,,,0,0,0
ATJ,18,BATCHSTART,9/27/2023 4:22:00 AM,MOB-D3-521,,,2500,2500,6000
ATJ,18,BATCHSTOP,9/27/2023 4:47:00 AM,MOB-D3-521,,,0,0,0
ATJ,18,SUPERSTOP,9/27/2023 4:47:00 AM,JA1-D3-521,,,0,0,0
ATJ,18,SUPERSTART,9/27/2023 4:47:00 AM,JA2-A3-522,,,15000,15000,6000
ATJ,18,BATCHSTART,9/27/2023 4:47:00 AM,PBF-A3-521,,,15000,15000,6000
ATJ,18,BATCHSTOP,9/27/2023 7:17:00 AM,PBF-A3-521,,,0,0,0
ATJ,18,SUPERSTOP,9/27/2023 7:17:00 AM,JA2-A3-522,,,0,0,0
ATJ,18,SUPERSTART,9/27/2023 7:17:00 AM,JA1-54-521,,,8000,8000,6000
ATJ,18,BATCHSTART,9/27/2023 7:17:00 AM,PHI-54-521,,,8000,8000,6000
ATJ,18,BATCHSTOP,9/27/2023 8:37:00 AM,PHI-54-521,,,0,0,0
ATJ,18,SUPERSTOP,9/27/2023 8:37:00 AM,JA1-54-521,,,0,0,0
ATJ,18,SUPERSTART,9/27/2023 8:37:00 AM,JA1-62-521,,,300500,300500,6000
ATJ,18,BATCHSTART,9/27/2023 8:37:00 AM,BPO-62-521,,,5500,5500,6000
ATJ,18,BATCHSTOP,9/27/2023 9:32:00 AM,BPO-62-521,,,0,0,0
ATJ,18,BATCHSTART,9/27/2023 9:32:00 AM,CIT-62-521,,,14000,14000,6000
ATJ,18,BATCHSTOP,9/27/2023 11:52:00 AM,CIT-62-521,,,0,0,0
ATJ,18,BATCHSTART,9/27/2023 11:52:00 AM,CNL-62-521,,,5000,5000,6000
ATJ,18,BATCHSTOP,9/27/2023 12:42:00 PM,CNL-62-521,,,0,0,0
ATJ,18,BATCHSTART,9/27/2023 12:42:00 PM,EVA-62-52B,,,17500,17500,6000
ATJ,18,BATCHSTOP,9/27/2023 3:37:00 PM,EVA-62-52B,,,0,0,0
ATJ,18,BATCHSTART,9/27/2023 3:37:00 PM,FHR-62-521,,,7500,7500,6000
ATJ,18,BATCHSTOP,9/27/2023 4:52:00 PM,FHR-62-521,,,0,0,0
ATJ,18,BATCHSTART,9/27/2023 4:52:00 PM,HOM-62-521,,,27000,27000,6000
ATJ,18,BATCHSTOP,9/27/2023 9:22:00 PM,HOM-62-521,,,0,0,0
ATJ,18,BATCHSTART,9/27/2023 9:22:00 PM,MAC-62-521,,,39000,39000,6000
ATJ,18,BATCHSTOP,9/28/2023 3:52:00 AM,MAC-62-521,,,0,0,0
ATJ,18,BATCHSTART,9/28/2023 3:52:00 AM,MTV-62-521,,,5000,5000,6000
ATJ,18,BATCHSTOP,9/28/2023 4:42:00 AM,MTV-62-521,,,0,0,0
ATJ,18,BATCHSTART,9/28/2023 4:42:00 AM,MUC-62-522,,,9000,9000,6000
ATJ,18,BATCHSTOP,9/28/2023 6:12:00 AM,MUC-62-522,,,0,0,0
ATJ,18,BATCHSTART,9/28/2023 6:12:00 AM,MUS-62-52A,,,15000,15000,6000
ATJ,18,BATCHSTOP,9/28/2023 8:42:00 AM,MUS-62-52A,,,0,0,0
ATJ,18,BATCHSTART,9/28/2023 8:42:00 AM,MXE-62-521,,,3500,3500,6000
ATJ,18,BATCHSTOP,9/28/2023 9:17:00 AM,MXE-62-521,,,0,0,0
ATJ,18,BATCHSTART,9/28/2023 9:17:00 AM,PHI-62-521,,,9500,9500,6000
ATJ,18,BATCHSTOP,9/28/2023 10:52:00 AM,PHI-62-521,,,0,0,0
ATJ,18,BATCHSTART,9/28/2023 10:52:00 AM,QTC-62-521,,,10000,10000,6000
ATJ,18,BATCHSTOP,9/28/2023 12:32:00 PM,QTC-62-521,,,0,0,0
ATJ,18,BATCHSTART,9/28/2023 12:32:00 PM,RKO-62-521,,,25000,25000,6000
ATJ,18,BATCHSTOP,9/28/2023 4:42:00 PM,RKO-62-521,,,0,0,0
ATJ,18,BATCHSTART,9/28/2023 4:42:00 PM,SUN-62-521,,,17000,17000,6000
ATJ,18,BATCHSTOP,9/28/2023 7:32:00 PM,SUN-62-521,,,0,0,0
ATJ,18,BATCHSTART,9/28/2023 7:32:00 PM,TAR-62-521,,,46500,46500,6000
ATJ,18,BATCHSTOP,9/29/2023 3:17:00 AM,TAR-62-521,,,0,0,0
ATJ,18,BATCHSTART,9/29/2023 3:17:00 AM,VAL-62-52D,,,10000,10000,6000
ATJ,18,BATCHSTOP,9/29/2023 4:57:00 AM,VAL-62-52D,,,0,0,0
ATJ,18,BATCHSTART,9/29/2023 4:57:00 AM,VTL-62-521,,,10000,10000,6000
ATJ,18,BATCHSTOP,9/29/2023 6:37:00 AM,VTL-62-521,,,0,0,0
ATJ,18,BATCHSTART,9/29/2023 6:37:00 AM,WFS-62-52P,,,2500,2500,6000
ATJ,18,BATCHSTOP,9/29/2023 7:02:00 AM,WFS-62-52P,,,0,0,0
ATJ,18,BATCHSTART,9/29/2023 7:02:00 AM,PCA-62-520,,,7000,7000,6000
ATJ,18,BATCHSTOP,9/29/2023 8:12:00 AM,PCA-62-520,,,0,0,0
ATJ,18,BATCHSTART,9/29/2023 8:12:00 AM,USO-62-521,,,5000,5000,6000
ATJ,18,BATCHSTOP,9/29/2023 9:02:00 AM,USO-62-521,,,0,0,0
ATJ,18,BATCHSTART,9/29/2023 9:02:00 AM,DKS-62-521,,,10000,10000,6000
ATJ,18,BATCHSTOP,9/29/2023 10:42:00 AM,DKS-62-521,,,0,0,0
ATJ,18,SUPERSTOP,9/29/2023 10:42:00 AM,JA1-62-521,,,0,0,0
ATJ,19,SUPERSTART,9/23/2023 12:18:00 AM,JA1-A3-521,,,482500,482500,4800
ATJ,19,BATCHSTART,9/23/2023 12:18:00 AM,BPO-A3-521,,,40000,40000,4800
ATJ,19,BATCHSTOP,9/23/2023 8:38:00 AM,BPO-A3-521,,,0,0,0
ATJ,19,BATCHSTART,9/23/2023 8:38:00 AM,CIT-A3-521,,,15000,15000,4800
ATJ,19,BATCHSTOP,9/23/2023 11:45:30 AM,CIT-A3-521,,,0,0,0
ATJ,19,BATCHSTART,9/23/2023 11:45:30 AM,DKS-A3-521,,,25000,25000,4800
ATJ,19,BATCHSTOP,9/23/2023 4:58:00 PM,DKS-A3-521,,,0,0,0
ATJ,19,BATCHSTART,9/23/2023 4:58:00 PM,FHR-A3-521,,,5000,5000,4800
ATJ,19,BATCHSTOP,9/23/2023 6:00:30 PM,FHR-A3-521,,,0,0,0
ATJ,19,BATCHSTART,9/23/2023 6:00:30 PM,MAC-A3-521,,,175000,175000,4800
ATJ,19,BATCHSTOP,9/25/2023 6:28:00 AM,MAC-A3-521,,,0,0,0
ATJ,19,BATCHSTART,9/25/2023 6:28:00 AM,MOB-A3-521,,,53500,53500,4800
ATJ,19,BATCHSTOP,9/25/2023 5:36:45 PM,MOB-A3-521,,,0,0,0
ATJ,19,BATCHSTART,9/25/2023 5:36:45 PM,MUC-A3-522,,,30000,30000,4800
ATJ,19,BATCHSTOP,9/25/2023 11:51:45 PM,MUC-A3-522,,,0,0,0
ATJ,19,BATCHSTART,9/25/2023 11:51:45 PM,MXE-A3-526,,,7500,7500,4800
ATJ,19,BATCHSTOP,9/26/2023 1:25:30 AM,MXE-A3-526,,,0,0,0
ATJ,19,BATCHSTART,9/26/2023 1:25:30 AM,PHI-A3-521,,,15000,15000,4800
ATJ,19,BATCHSTOP,9/26/2023 4:33:00 AM,PHI-A3-521,,,0,0,0
ATJ,19,BATCHSTART,9/26/2023 4:33:00 AM,SUN-A3-521,,,2500,2500,4800
ATJ,19,BATCHSTOP,9/26/2023 5:04:15 AM,SUN-A3-521,,,0,0,0
ATJ,19,BATCHSTART,9/26/2023 5:04:15 AM,TAR-A3-521,,,15000,15000,4800
ATJ,19,BATCHSTOP,9/26/2023 8:11:45 AM,TAR-A3-521,,,0,0,0
ATJ,19,BATCHSTART,9/26/2023 8:11:45 AM,VAL-A3-52D,,,4000,4000,4800
ATJ,19,BATCHSTOP,9/26/2023 9:01:45 AM,VAL-A3-52D,,,0,0,0
ATJ,19,BATCHSTART,9/26/2023 9:01:45 AM,SHT-A3-52B,,,95000,95000,4800
ATJ,19,BATCHSTOP,9/27/2023 4:49:15 AM,SHT-A3-52B,,,0,0,0
ATJ,19,SUPERSTOP,9/27/2023 4:49:15 AM,JA1-A3-521,,,0,0,0
ATJ,19,SUPERSTART,9/27/2023 4:49:15 AM,JA1-M3-521,,,7500,7500,4800
ATJ,19,BATCHSTART,9/27/2023 4:49:15 AM,TAR-M3-521,,,7500,7500,4800
ATJ,19,BATCHSTOP,9/27/2023 6:23:00 AM,TAR-M3-521,,,0,0,0
ATJ,19,SUPERSTOP,9/27/2023 6:23:00 AM,JA1-M3-521,,,0,0,0
ATJ,19,SUPERSTART,9/27/2023 6:23:00 AM,JA1-D3-521,,,53500,53500,4800
ATJ,19,BATCHSTART,9/27/2023 6:23:00 AM,MAC-D3-521,,,25000,25000,4800
ATJ,19,BATCHSTOP,9/27/2023 11:35:30 AM,MAC-D3-521,,,0,0,0
ATJ,19,BATCHSTART,9/27/2023 11:35:30 AM,MOB-D3-521,,,2500,2500,4800
ATJ,19,BATCHSTOP,9/27/2023 12:06:45 PM,MOB-D3-521,,,0,0,0
ATJ,19,BATCHSTART,9/27/2023 12:06:45 PM,MUC-D3-522,,,3500,3500,4800
ATJ,19,BATCHSTOP,9/27/2023 12:50:30 PM,MUC-D3-522,,,0,0,0
ATJ,19,BATCHSTART,9/27/2023 12:50:30 PM,PHI-D3-521,,,5000,5000,4800
ATJ,19,BATCHSTOP,9/27/2023 1:53:00 PM,PHI-D3-521,,,0,0,0
ATJ,19,BATCHSTART,9/27/2023 1:53:00 PM,BPO-D3-521,,,5000,5000,4800
ATJ,19,BATCHSTOP,9/27/2023 2:55:30 PM,BPO-D3-521,,,0,0,0
ATJ,19,BATCHSTART,9/27/2023 2:55:30 PM,SHT-D3-52B,,,12500,12500,4800
ATJ,19,BATCHSTOP,9/27/2023 5:31:45 PM,SHT-D3-52B,,,0,0,0
ATJ,19,SUPERSTOP,9/27/2023 5:31:45 PM,JA1-D3-521,,,0,0,0
ATJ,20,SUPERSTART,9/28/2023 10:53:15 AM,JA1-96-521,,,500,500,1600
ATJ,20,BATCHSTART,9/28/2023 10:53:15 AM,FGX-96-529,,,500,500,1600
ATJ,20,BATCHSTOP,9/28/2023 11:12:00 AM,FGX-96-529,,,0,0,0
ATJ,20,SUPERSTOP,9/28/2023 11:12:00 AM,JA1-96-521,,,0,0,0
ATJ,20,SUPERSTART,9/28/2023 11:12:00 AM,JA1-54-521,,,45000,45000,1600
ATJ,20,BATCHSTART,9/28/2023 11:12:00 AM,AAL-54-521,,,7500,7500,1600
ATJ,20,BATCHSTOP,9/28/2023 3:53:15 PM,AAL-54-521,,,0,0,0
ATJ,20,BATCHSTART,9/28/2023 3:53:15 PM,BZA-54-521,,,10000,10000,1600
ATJ,20,BATCHSTOP,9/28/2023 10:08:15 PM,BZA-54-521,,,0,0,0
ATJ,20,BATCHSTART,9/28/2023 10:08:15 PM,ETI-54-521,,,5000,5000,1600
ATJ,20,BATCHSTOP,9/29/2023 1:15:45 AM,ETI-54-521,,,0,0,0
ATJ,20,BATCHSTART,9/29/2023 1:15:45 AM,SWJ-54-521,,,12500,12500,1600
ATJ,20,BATCHSTOP,9/29/2023 9:04:30 AM,SWJ-54-521,,,0,0,0
ATJ,20,BATCHSTART,9/29/2023 9:04:30 AM,WFS-54-521,,,10000,10000,1600
ATJ,20,BATCHSTOP,9/29/2023 3:19:30 PM,WFS-54-521,,,0,0,0
ATJ,20,SUPERSTOP,9/29/2023 3:19:30 PM,JA1-54-521,,,0,0,0
ATJ,20,SUPERSTART,9/29/2023 3:19:30 PM,JA1-62-521,,,244279,306500,1600
ATJ,20,BATCHSTART,9/29/2023 3:19:30 PM,ATL-62-521,,,5000,5000,1600
ATJ,20,BATCHSTOP,9/29/2023 6:27:00 PM,ATL-62-521,,,0,0,0
ATJ,20,BATCHSTART,9/29/2023 6:27:00 PM,MGC-62-521,,,5000,5000,1600
ATJ,20,BATCHSTOP,9/29/2023 9:34:30 PM,MGC-62-521,,,0,0,0
ATJ,20,BATCHSTART,9/29/2023 9:34:30 PM,RKO-62-521,,,5000,5000,1600
ATJ,20,BATCHSTOP,9/30/2023 12:42:00 AM,RKO-62-521,,,0,0,0
ATJ,20,BATCHSTART,9/30/2023 12:42:00 AM,VTL-62-521,,,5000,5000,1600
ATJ,20,BATCHSTOP,9/30/2023 3:49:30 AM,VTL-62-521,,,0,0,0
ATJ,20,BATCHSTART,9/30/2023 3:49:30 AM,BPO-62-521,,,7500,7500,1600
ATJ,20,BATCHSTOP,9/30/2023 8:30:45 AM,BPO-62-521,,,0,0,0
ATJ,20,BATCHSTART,9/30/2023 8:30:45 AM,CIT-62-521,,,5000,5000,1600
ATJ,20,BATCHSTOP,9/30/2023 11:38:15 AM,CIT-62-521,,,0,0,0
ATJ,20,BATCHSTART,9/30/2023 11:38:15 AM,DKS-62-521,,,13500,13500,1600
ATJ,20,BATCHSTOP,9/30/2023 8:04:30 PM,DKS-62-521,,,0,0,0
ATJ,20,BATCHSTART,9/30/2023 8:04:30 PM,EVA-62-52B,,,20000,20000,1600
ATJ,20,BATCHSTOP,10/1/2023 8:34:30 AM,EVA-62-52B,,,0,0,0
ATJ,20,BATCHSTART,10/1/2023 8:34:30 AM,FHR-62-521,,,5000,5000,1600
ATJ,20,BATCHSTOP,10/1/2023 11:42:00 AM,FHR-62-521,,,0,0,0
ATJ,20,BATCHSTART,10/1/2023 11:42:00 AM,GPC-62-521,,,15000,15000,1600
ATJ,20,BATCHSTOP,10/1/2023 9:04:30 PM,GPC-62-521,,,0,0,0
ATJ,20,BATCHSTART,10/1/2023 9:04:30 PM,JWE-62-521,,,10000,10000,1600
ATJ,20,BATCHSTOP,10/2/2023 3:19:30 AM,JWE-62-521,,,0,0,0
ATJ,20,BATCHSTART,10/2/2023 3:19:30 AM,MAC-62-521,,,12500,12500,1600
ATJ,20,BATCHSTOP,10/2/2023 11:08:15 AM,MAC-62-521,,,0,0,0
ATJ,20,BATCHSTART,10/2/2023 11:08:15 AM,MFD-62-521,,,5000,5000,1600
ATJ,20,BATCHSTOP,10/2/2023 2:15:45 PM,MFD-62-521,,,0,0,0
ATJ,20,BATCHSTART,10/2/2023 2:15:45 PM,MOB-62-521,,,10000,10000,1600
ATJ,20,BATCHSTOP,10/2/2023 8:30:45 PM,MOB-62-521,,,0,0,0
ATJ,20,BATCHSTART,10/2/2023 8:30:45 PM,MUC-62-522,,,7000,7000,1600
ATJ,20,BATCHSTOP,10/3/2023 12:53:15 AM,MUC-62-522,,,0,0,0
ATJ,20,BATCHSTART,10/3/2023 12:53:15 AM,MUS-62-52A,,,15000,15000,1600
ATJ,20,BATCHSTOP,10/3/2023 10:15:45 AM,MUS-62-52A,,,0,0,0
ATJ,20,BATCHSTART,10/3/2023 10:15:45 AM,MXE-62-521,,,5000,5000,1600
ATJ,20,BATCHSTOP,10/3/2023 1:23:15 PM,MXE-62-521,,,0,0,0
ATJ,20,BATCHSTART,10/3/2023 1:23:15 PM,PHI-62-521,,,17500,17500,1600
ATJ,20,BATCHSTOP,10/4/2023 12:19:30 AM,PHI-62-521,,,0,0,0
ATJ,20,BATCHSTART,10/4/2023 12:19:30 AM,PTC-62-521,,,6000,6000,1600
ATJ,20,BATCHSTOP,10/4/2023 4:04:30 AM,PTC-62-521,,,0,0,0
ATJ,20,BATCHSTART,10/4/2023 4:04:30 AM,QTC-62-521,,,5000,5000,1600
ATJ,20,BATCHSTOP,10/4/2023 7:12:00 AM,QTC-62-521,,,0,0,0
ATJ,20,BATCHSTART,10/4/2023 7:12:00 AM,SBP-62-521,,,15000,15000,1600
ATJ,20,BATCHSTOP,10/4/2023 4:34:30 PM,SBP-62-521,,,0,0,0
ATJ,20,BATCHSTART,10/4/2023 4:34:30 PM,SBS-62-521,,,25000,25000,1600
ATJ,20,BATCHSTOP,10/5/2023 8:12:00 AM,SBS-62-521,,,0,0,0
ATJ,20,BATCHSTART,10/5/2023 8:12:00 AM,SUN-62-521,,,5000,5000,1600
ATJ,20,BATCHSTOP,10/5/2023 11:19:30 AM,SUN-62-521,,,0,0,0
ATJ,20,BATCHSTART,10/5/2023 11:19:30 AM,SVE-62-521,,,10000,10000,1600
ATJ,20,BATCHSTOP,10/5/2023 5:34:30 PM,SVE-62-521,,,0,0,0
ATJ,20,BATCHSTART,10/5/2023 5:34:30 PM,TAR-62-521,,,10279,30000,1600
ATJ,20,BATCHSTOP,10/5/2023 11:59:57 PM,TAR-62-521,,,0,0,0
ATJ,20,SUPERSTOP,10/6/2023 12:00:00 AM,JA1-62-521,,,0,0,0
ATJ,1A,SUPERSTART,9/24/2023 7:12:00 AM,JA1-A3-521,,,54500,87500,2900
ATJ,1A,BATCHSTART,9/24/2023 7:12:00 AM,MAC-A3-521,MAC,MAC,54500,55000,2900
ATJ,1A,BATCHSTOP,9/25/2023 2:00:00 AM,MAC-A3-521,MAC,MAC,0,0,0
ATJ,1A,SUPERSTOP,9/25/2023 2:00:00 AM,JA1-A3-521,,,0,0,0
ATJ,1A,SUPERSTART,9/25/2023 2:00:00 AM,JA1-A3-521,,,25000,87500,2900
ATJ,1A,BATCHSTART,9/25/2023 2:00:00 AM,CPT-A3-52A,CPT,CPT,25000,25000,2900
ATJ,1A,BATCHSTOP,9/25/2023 10:37:00 AM,CPT-A3-52A,CPT,CPT,0,0,0
ATJ,1A,SUPERSTOP,9/25/2023 10:37:00 AM,JA1-A3-521,,,0,0,0
ATJ,1A,SUPERSTART,9/25/2023 10:37:00 AM,JA1-A3-521,,,7500,87500,2900
ATJ,1A,BATCHSTART,9/25/2023 10:37:00 AM,CPT-A3-52B,CPT,CPT,7500,7500,2900
ATJ,1A,BATCHSTOP,9/25/2023 1:12:00 PM,CPT-A3-52B,CPT,CPT,0,0,0
ATJ,1A,SUPERSTOP,9/25/2023 1:12:00 PM,JA1-A3-521,,,0,0,0
ATJ,1A,SUPERSTART,10/1/2023 10:51:00 AM,JA1-D3-521,,,7500,15000,2900
ATJ,1A,BATCHSTART,10/1/2023 10:51:00 AM,CPT-D3-52A,CPT,CPT,7500,7500,2900
ATJ,1A,BATCHSTOP,10/1/2023 1:26:00 PM,CPT-D3-52A,CPT,CPT,0,0,0
ATJ,1A,SUPERSTOP,10/1/2023 1:26:00 PM,JA1-D3-521,,,0,0,0
ATJ,1A,SUPERSTART,10/1/2023 1:26:00 PM,JA1-A3-521,,,500,87500,2900
ATJ,1A,BATCHSTART,10/1/2023 1:26:00 PM,MAC-A3-521,MAC,MAC,500,55000,2900
ATJ,1A,BATCHSTOP,10/1/2023 1:36:00 PM,MAC-A3-521,MAC,MAC,0,0,0
ATJ,1A,SUPERSTOP,10/1/2023 1:36:00 PM,JA1-A3-521,,,0,0,0
ATJ,1A,SUPERSTART,10/1/2023 1:36:00 PM,JA1-D3-521,,,7500,15000,2900
ATJ,1A,BATCHSTART,10/1/2023 1:36:00 PM,MAC-D3-521,MAC,MAC,7500,7500,2900
ATJ,1A,BATCHSTOP,10/1/2023 4:12:00 PM,MAC-D3-521,MAC,MAC,0,0,0
ATJ,1A,SUPERSTOP,10/1/2023 4:12:00 PM,JA1-D3-521,,,0,0,0
ATJ,2A,SUPERSTART,9/26/2023 7:28:00 PM,JA1-62-521,,,35000,42500,2850
ATJ,2A,BATCHSTART,9/26/2023 7:28:00 PM,MAC-62-521,MAC,MAC,35000,35000,2850
ATJ,2A,BATCHSTOP,9/27/2023 7:45:00 AM,MAC-62-521,MAC,MAC,0,0,0
ATJ,2A,SUPERSTOP,9/27/2023 7:45:00 AM,JA1-62-521,,,0,0,0
ATJ,2A,SUPERSTART,9/27/2023 7:45:00 AM,JA1-62-521,,,7500,42500,2850
ATJ,2A,BATCHSTART,9/27/2023 7:45:00 AM,CPT-62-52A,CPT,CPT,7500,7500,2850
ATJ,2A,BATCHSTOP,9/27/2023 10:23:00 AM,CPT-62-52A,CPT,CPT,0,0,0
ATJ,2A,SUPERSTOP,9/27/2023 10:23:00 AM,JA1-62-521,,,0,0,0
